City_ID,City,Lat,Lng,Max Temp,Humidity,Cloudiness,Wind Speed,Country,Date
0,puerto natales,-51.7236,-72.4875,279.4,61,75,9.26,CL,1720543035
1,kapuskasing,49.4169,-82.4331,293.15,88,100,1.03,CA,1720543045
2,iqaluit,63.7506,-68.5145,285.0,62,100,5.14,CA,1720543046
3,vorgashor,67.5833,63.95,291.82,46,14,1.21,RU,1720543047
4,ushuaia,-54.8,-68.3,278.94,75,75,3.09,AR,1720543048
5,isafjordur,66.0755,-23.124,285.17,71,100,4.63,IS,1720543049
6,anadyr,64.75,177.4833,283.15,76,40,8.94,RU,1720543050
7,east london,-33.0153,27.9116,288.67,38,0,2.06,ZA,1720543052
8,grytviken,-54.2811,-36.5092,271.39,72,100,4.2,GS,1720543053
9,port-aux-francais,-49.35,70.2167,276.94,90,2,9.03,TF,1720543054
10,yellowknife,62.456,-114.3525,292.82,80,75,2.57,CA,1720543055
11,rio grande,-32.035,-52.0986,284.21,77,86,6.12,BR,1720542913
12,kuching,1.55,110.3333,298.72,96,40,2.68,MY,1720542773
13,afaahiti,-17.75,-149.2833,294.08,76,95,3.1,PF,1720543058
14,uzgen,40.7699,73.3007,296.31,35,17,2.85,KG,1720543060
15,luanda,-8.8368,13.2343,295.8,73,35,5.55,AO,1720542483
16,bilibino,68.0546,166.4372,282.04,70,30,1.67,RU,1720543062
17,olonkinbyen,70.9221,-8.7187,276.55,94,97,6.4,SJ,1720543063
18,georgetown,5.4112,100.3354,302.11,84,20,1.03,MY,1720542853
19,kembe,4.6228,21.8865,297.41,74,67,1.26,CF,1720543065
20,port mathurin,-19.6833,63.4167,295.95,66,31,6.76,MU,1720543066
21,waitangi,-43.9535,-176.5597,280.27,62,38,6.76,NZ,1720543068
22,iskateley,67.6803,53.1512,290.37,96,38,4.21,RU,1720543069
23,antsirabe,-19.85,47.0333,284.79,51,0,1.0,MG,1720543070
24,albany,42.6001,-73.9662,305.16,69,96,1.34,US,1720542896
25,st. john's,47.5649,-52.7093,294.2,76,100,0.45,CA,1720543072
26,kodiak,57.79,-152.4072,282.88,93,100,2.57,US,1720543074
27,al burayqah,30.4062,19.5739,300.4,74,0,7.7,LY,1720543075
28,bardai,11.65,7.2333,303.87,46,95,3.95,NG,1720543077
29,chenzhou,25.8,113.0333,299.39,81,42,2.62,CN,1720543079
30,kyren,51.6828,102.1408,291.62,75,100,0.95,RU,1720543080
31,mancora,-4.1078,-81.0475,298.61,65,10,3.77,PE,1720543081
32,constantia,44.1833,28.65,305.53,63,0,2.72,RO,1720543082
33,adamstown,-25.066,-130.1015,293.07,61,83,7.35,PN,1720543083
34,talnakh,69.4865,88.3972,289.32,74,14,3.13,RU,1720542790
35,puerto ayora,-0.7393,-90.3518,296.13,99,93,0.89,EC,1720543087
36,college,64.8569,-147.8028,285.33,88,100,1.54,US,1720542833
37,aykhal,66.0,111.5,290.38,78,40,3.42,RU,1720543089
38,kyzylorda,44.8528,65.5092,302.16,37,0,2.0,KZ,1720543090
39,whitehorse,60.7161,-135.0538,290.82,41,75,3.6,CA,1720543091
40,sitia,35.2,26.0986,299.69,67,0,4.07,GR,1720543092
41,ribeira grande,38.5167,-28.7,297.47,94,75,8.75,PT,1720543094
42,nahiyat ash shinafiyah,31.5874,44.6602,316.24,9,0,4.28,IQ,1720543095
43,new norfolk,-42.7826,147.0587,284.77,97,100,1.51,AU,1720543096
44,bredasdorp,-34.5322,20.0403,285.52,70,89,11.89,ZA,1720543097
45,alice springs,-23.7,133.8833,278.9,93,1,0.0,AU,1720543098
46,aras-asan,8.8908,126.3033,298.69,89,100,1.79,PH,1720543099
47,lihue,21.9789,-159.3672,297.92,88,100,4.63,US,1720543100
48,saldanha,-33.0117,17.9442,287.18,82,94,8.59,ZA,1720543102
49,northam,51.0333,-4.2167,291.7,85,95,6.78,GB,1720543103
50,ghadamis,30.1337,9.5007,315.87,9,0,4.22,LY,1720543104
51,hermanus,-34.4187,19.2345,285.26,78,100,14.75,ZA,1720543105
52,mossendjo,-2.9506,12.7261,299.22,55,50,1.72,CG,1720543106
53,port elizabeth,-33.918,25.5701,288.76,70,0,9.26,ZA,1720543107
54,lobujya,27.95,86.8167,277.68,90,91,1.85,NP,1720543109
55,wailua homesteads,22.0669,-159.378,297.59,91,100,4.63,US,1720543110
56,west island,-12.1568,96.8225,301.14,94,75,2.57,CC,1720543111
57,takoradi,4.8845,-1.7554,298.41,81,99,4.82,GH,1720543112
58,ust-nera,64.5667,143.2,287.1,53,100,1.53,RU,1720543113
59,barra de santo antonio,-9.4047,-35.5072,298.75,79,6,4.41,BR,1720543110
60,arbatache,36.6377,3.3713,301.33,61,20,4.12,DZ,1720543115
61,vilyuchinsk,52.9306,158.4028,284.3,99,100,1.36,RU,1720543116
62,bethel,41.3712,-73.414,305.86,68,0,4.12,US,1720543065
63,klaksvik,62.2266,-6.589,286.66,85,95,3.39,FO,1720543119
64,rabo de peixe,37.8,-25.5833,295.88,94,75,7.72,PT,1720543120
65,udachny,66.4167,112.4,293.16,66,69,4.24,RU,1720543121
66,hithadhoo,-0.6,73.0833,302.03,71,46,2.72,MV,1720543122
67,nova sintra,14.8667,-24.7167,297.52,88,53,7.46,CV,1720543123
68,mossel bay,-34.1831,22.146,289.11,61,100,12.25,ZA,1720543124
69,edinburgh of the seven seas,-37.0676,-12.3116,282.83,83,100,8.42,SH,1720543125
70,tarawa,1.419,172.984,301.2,89,20,1.54,KI,1720543127
71,qaqortoq,60.7167,-46.0333,278.91,98,100,3.07,GL,1720543128
72,fale old settlement,-9.3852,-171.2468,301.08,77,90,5.51,TK,1720543129
73,guiuan,11.0333,125.7247,301.96,73,100,1.47,PH,1720543130
74,minas de marcona,-15.2119,-75.1103,287.36,67,56,7.58,PE,1720543131
75,poso,-1.3959,120.7524,296.71,89,100,1.1,ID,1720543132
76,haapajarvi,63.75,25.3333,291.18,87,77,1.26,FI,1720543133
77,hastings,50.8552,0.5729,292.01,97,100,3.88,GB,1720543135
78,island harbour,50.724,-1.2758,291.19,68,100,3.13,GB,1720543136
79,hasaki,35.7333,140.8333,300.37,88,64,4.89,JP,1720543137
80,koryazhma,61.3143,47.1691,296.32,70,52,2.42,RU,1720543138
81,al kharijah,25.4514,30.5464,309.3,15,0,4.08,EG,1720543139
82,lakatoro,-16.0999,167.4164,298.07,78,100,8.5,VU,1720543140
83,longyearbyen,78.2186,15.6401,278.06,81,75,9.77,SJ,1720543141
84,carnarvon,-24.8667,113.6333,295.23,84,84,7.11,AU,1720543142
85,lebu,-37.6167,-73.65,281.5,63,2,6.11,CL,1720543144
86,cidade velha,14.9167,-23.6167,302.41,61,40,6.69,CV,1720543145
87,san clemente del tuyu,-36.3569,-56.7235,280.92,50,15,1.84,AR,1720543146
88,tiksi,71.6872,128.8694,284.25,60,45,0.37,RU,1720543147
89,pavlohrad,48.5167,35.8667,298.34,64,96,2.27,UA,1720543148
90,ndende,-2.4008,11.3581,302.57,51,70,1.26,GA,1720543149
91,lazaro cardenas,17.9583,-102.2,302.79,69,100,2.47,MX,1720543150
92,stanley,54.868,-1.6985,288.55,95,75,5.66,GB,1720543108
93,inderbor,48.55,51.7833,301.61,25,6,6.22,KZ,1720543153
94,la passe,45.5549,-0.8967,300.28,93,99,6.2,FR,1720543154
95,avarua,-21.2078,-159.775,294.18,64,75,2.06,CK,1720543155
96,vilhena,-12.7406,-60.1458,300.27,47,0,2.06,BR,1720543024
97,hammerfest,70.6634,23.6821,284.4,66,75,5.14,NO,1720543157
98,vadso,70.0744,29.7487,289.64,66,0,6.17,NO,1720543158
99,zahedan,29.4963,60.8629,306.1,18,98,4.12,IR,1720543159
100,boende,-0.2167,20.8667,295.16,98,100,0.8,CD,1720543160
101,xiangcheng chengguanzhen,33.847,113.4778,297.66,80,31,0.8,CN,1720543162
102,dukhan,25.4297,50.7858,306.72,63,40,4.89,QA,1720543163
103,margaret river,-33.95,115.0667,288.23,64,35,9.91,AU,1720543164
104,papatowai,-46.5619,169.4708,278.28,76,90,1.66,NZ,1720543165
105,saipan,15.1355,145.701,301.54,89,40,3.09,MP,1720543166
106,serov,59.6033,60.5787,293.95,65,70,0.9,RU,1720543167
107,mount gambier,-37.8333,140.7667,278.24,98,3,1.8,AU,1720543168
108,ilulissat,69.2167,-51.1,278.16,87,75,5.66,GL,1720543169
109,andovoranto,-18.95,49.1,293.08,79,0,1.17,MG,1720543171
110,porto belo,-27.1578,-48.5531,287.57,87,100,7.71,BR,1720543172
111,nabire,-3.3667,135.4833,297.02,93,100,1.69,ID,1720543173
112,pulandian,39.3953,121.9669,294.35,81,32,0.91,CN,1720543174
113,lompoc,34.6391,-120.4579,291.23,96,100,1.54,US,1720543089
114,mana,5.6592,-53.7767,301.76,72,22,1.74,GF,1720543176
115,port alfred,-33.5906,26.891,292.69,32,100,3.13,ZA,1720543177
116,kijang,35.2442,129.2139,298.0,99,100,5.73,KR,1720543180
117,iquique,-20.2208,-70.1431,290.17,70,0,2.61,CL,1720543138
118,englewood,39.6478,-104.9878,301.29,31,4,0.89,US,1720542896
119,ban karon,7.8477,98.2985,300.1,82,100,4.28,TH,1720543183
120,hawaiian paradise park,19.5933,-154.9731,294.88,96,75,2.06,US,1720543184
121,uturoa,-16.7333,-151.4333,298.66,78,55,2.55,PF,1720543185
122,blackmans bay,-43.0167,147.3167,284.11,90,100,4.96,AU,1720543186
123,graaff-reinet,-32.2522,24.5308,288.11,31,69,11.69,ZA,1720543187
124,bikenibeu village,1.3673,173.1241,301.13,89,20,1.54,KI,1720543190
125,vanimo,-2.6741,141.3028,298.52,82,100,1.89,PG,1720543191
126,uttar char fasson,22.2332,90.7132,301.63,84,100,5.49,BD,1720543192
127,howard springs,-12.497,131.047,297.1,88,55,1.55,AU,1720543193
128,gardez,33.5974,69.2259,296.75,48,100,2.89,AF,1720543194
129,abalak,58.1286,68.5944,292.37,69,15,1.26,RU,1720543195
130,badger,64.8,-147.5333,285.29,89,100,1.54,US,1720543196
131,gaiman,-43.2897,-65.4929,279.37,61,90,4.53,AR,1720543197
132,okhotsk,59.3833,143.3,285.91,85,100,4.76,RU,1720543199
133,cockburn town,21.4612,-71.1419,301.56,80,1,7.65,TC,1720543200
134,santa maria,-29.6842,-53.8069,281.76,57,20,3.6,BR,1720543163
135,hamilton,39.1834,-84.5333,301.98,70,40,2.57,US,1720543124
136,gorontalo,0.5412,123.0595,296.02,99,100,0.68,ID,1720543203
137,pimentel,-6.8367,-79.9342,293.31,73,100,5.66,PE,1720543206
138,conceicao da barra,-18.5933,-39.7322,300.96,59,32,3.73,BR,1720543207
139,bethanie,-26.4833,17.15,287.6,14,0,3.09,NA,1720543208
140,nouadhibou,20.931,-17.0347,298.14,57,22,9.26,MR,1720543210
141,yelizovo,53.1873,158.3805,284.23,100,100,1.0,RU,1720543211
142,leh,34.1667,77.5833,289.35,15,0,2.21,IN,1720543212
143,sokol,59.4617,40.1206,290.43,88,86,1.87,RU,1720543215
144,newman,37.3138,-121.0208,300.28,17,0,1.22,US,1720543216
145,utrik,11.2278,169.8474,301.06,78,9,7.83,MH,1720543217
146,chanute,37.6792,-95.4572,300.21,69,20,2.57,US,1720543218
147,qazvin,36.2797,50.0049,304.94,29,0,0.0,IR,1720542903
148,quellon,-43.1167,-73.6167,279.56,66,8,2.7,CL,1720543221
149,nago,26.5881,127.9761,301.62,88,63,3.02,JP,1720543222
150,bengkulu,-3.8004,102.2655,297.4,93,34,1.9,ID,1720543168
151,sitka,57.0531,-135.33,286.09,82,100,1.54,US,1720543154
152,dodola,6.9833,39.1833,286.36,91,98,1.27,ET,1720543225
153,velizh,55.6056,31.1967,293.09,64,4,2.37,RU,1720543226
154,new plymouth,-39.0667,174.0833,281.93,100,74,2.08,NZ,1720543227
155,kimbe,-5.5502,150.1429,297.22,91,84,2.68,PG,1720543230
156,coari,-4.085,-63.1414,306.94,39,0,0.62,BR,1720542958
157,west bay,19.3667,-81.4167,305.19,70,40,4.12,KY,1720543232
158,cabo san lucas,22.8909,-109.9124,305.32,64,0,5.14,MX,1720543233
159,miyako,39.6367,141.9525,292.31,96,100,1.78,JP,1720543234
160,qarazhal,48.0078,70.7903,294.25,60,10,2.94,KZ,1720543235
161,vostochnyy,55.8167,37.8667,300.76,100,66,4.3,RU,1720543236
162,ta`u,-14.2336,-169.5144,299.36,81,100,12.37,AS,1720543238
163,jamestown,42.097,-79.2353,301.22,62,75,4.63,US,1720543054
164,doka,13.5167,35.7667,305.89,38,39,2.82,SD,1720543240
165,berezovyy,51.6667,135.7,283.47,98,100,0.91,RU,1720543242
166,invercargill,-46.4,168.35,274.27,95,100,0.45,NZ,1720543243
167,shakawe,-18.3667,21.85,288.63,13,0,2.12,BW,1720543244
168,kidal,18.4411,1.4078,305.16,38,52,12.76,ML,1720543245
169,santa vitoria do palmar,-33.5189,-53.3681,283.09,71,97,5.64,BR,1720543247
170,sao felix do xingu,-6.6447,-51.995,309.56,26,10,1.75,BR,1720543248
171,altagracia de orituco,9.8601,-66.3814,303.6,56,82,3.37,VE,1720543249
172,talodi,10.6325,30.3797,298.04,80,100,0.96,SD,1720543250
173,kingston,17.997,-76.7936,305.68,62,20,3.09,JM,1720543231
174,crane,31.3974,-102.3501,303.36,40,15,2.78,US,1720543252
175,khark,29.2614,50.3306,307.39,61,2,6.61,IR,1720543253
176,nemuro,43.3236,145.575,287.05,100,100,2.72,JP,1720543254
177,mutuipe,-13.2286,-39.5047,301.3,45,1,1.82,BR,1720543256
178,bonanza,14.0289,-84.591,298.1,94,100,1.16,NI,1720543257
179,lorengau,-2.0226,147.2712,299.79,85,100,3.21,PG,1720543258
180,saint-pierre,-21.3393,55.4781,291.97,68,0,3.6,RE,1720543178
181,callao,-12.0667,-77.15,292.44,82,100,2.06,PE,1720543191
182,kununurra,-15.7667,128.7333,293.14,83,40,1.03,AU,1720543020
183,saint-joseph,-21.3667,55.6167,291.36,73,1,4.0,RE,1720543262
184,al artawiyah,26.5053,45.3444,310.53,10,4,1.72,SA,1720543264
185,namdrik,5.5994,168.1028,301.34,79,55,5.72,MH,1720543265
186,decan,42.5402,20.2879,301.01,45,4,3.5,XK,1720543266
187,zag,46.9441,99.165,288.59,67,74,1.77,MN,1720543267
188,bubaque,11.2833,-15.8333,300.88,76,74,4.11,GW,1720543268
189,kourou,5.1552,-52.6478,299.18,78,37,0.32,GF,1720543269
190,launceston,-41.45,147.1667,283.95,93,100,5.14,AU,1720543270
191,emerald,-23.5333,148.1667,288.34,95,14,5.09,AU,1720543271
192,yulinshi,38.2906,109.7494,298.34,58,66,5.0,CN,1720543149
193,geraldton,-28.7667,114.6,290.38,94,75,4.63,AU,1720543274
194,richards bay,-28.783,32.0377,292.36,17,0,6.59,ZA,1720543275
195,egilsstadir,65.2653,-14.3948,292.1,45,20,5.66,IS,1720543276
196,san julian,21.0167,-102.1667,296.57,45,95,3.55,MX,1720543277
197,perechyn,48.7333,22.4667,302.67,68,31,2.03,UA,1720543049
198,rongelap,11.1635,166.8941,301.56,78,30,8.19,MH,1720543279
199,quelimane,-17.8786,36.8883,297.12,78,0,2.13,MZ,1720543280
200,fort bragg,35.139,-79.006,307.54,61,75,2.57,US,1720543282
201,guerrero negro,27.9769,-114.0611,295.6,65,68,4.16,MX,1720543283
202,domna,51.8971,113.1573,291.24,77,95,2.0,RU,1720543284
203,bonthe,7.5264,-12.505,300.08,76,67,5.76,SL,1720543285
204,keene,42.9337,-72.2781,304.05,77,100,0.45,US,1720542827
205,abong mbang,3.9833,13.1833,295.21,92,94,0.14,CM,1720543287
206,salamanca,40.8333,-6.0,302.03,43,62,5.89,ES,1720543289
207,grande prairie,55.1667,-118.8027,296.25,38,0,3.09,CA,1720543290
208,el hadjira,32.6134,5.5126,319.48,6,0,2.06,DZ,1720543291
209,amga,60.8953,131.9608,285.65,97,100,3.0,RU,1720543292
210,san antonio,29.4241,-98.4936,308.89,53,43,1.6,US,1720543002
211,sale,34.0389,-6.8166,300.73,73,40,5.66,MA,1720543294
212,wad rawah,15.1603,33.1397,309.93,28,77,1.56,SD,1720543295
213,nar'yan-mar,67.6713,53.087,290.69,95,42,3.99,RU,1720543296
214,godda,24.8333,87.2167,305.88,57,99,5.08,IN,1720543298
215,maqat,47.65,53.3167,304.89,18,50,6.19,KZ,1720543299
216,colonia,50.9333,6.95,305.86,42,0,6.69,DE,1720543300
217,alaghsas,17.0187,8.0168,314.09,15,0,4.12,NE,1720543301
218,mount pleasant,32.7941,-79.8626,305.14,74,75,1.79,US,1720543116
219,margate,51.3813,1.3862,292.98,78,100,3.67,GB,1720543052
220,souillac,-20.5167,57.5167,291.68,68,0,4.07,MU,1720543304
221,kalifornsky,60.4183,-151.29,284.97,91,100,4.63,US,1720543305
222,yarkovo,57.4028,67.0786,292.88,66,74,2.11,RU,1720543306
223,madang,-5.2246,145.7966,297.43,81,88,2.23,PG,1720543308
224,south hill,47.1412,-122.2701,301.18,48,0,0.0,US,1720543309
225,hatillo,18.4863,-66.8254,306.14,76,13,5.36,PR,1720543310
226,slaton,33.4373,-101.6435,301.35,36,0,1.79,US,1720543063
227,bathsheba,13.2167,-59.5167,303.49,79,75,9.77,BB,1720543313
228,san luis,-33.295,-66.3356,281.59,37,0,2.03,AR,1720543052
229,pollenca,39.8768,3.0163,305.35,54,65,4.64,ES,1720543316
230,san patricio,28.017,-97.5169,306.99,49,86,1.83,US,1720543317
231,tabora,-5.0167,32.8,297.61,33,37,1.31,TZ,1720543318
232,chui,-33.6971,-53.4616,282.71,72,96,5.73,UY,1720543319
233,aasiaat,68.7098,-52.8699,276.19,90,100,5.0,GL,1720543320
234,ingeniero jacobacci,-41.3427,-69.5448,270.79,80,100,1.17,AR,1720543321
235,znojmo,48.8555,16.0488,305.38,62,4,2.46,CZ,1720543322
236,mali,12.079,-12.2982,296.02,67,95,0.82,GN,1720543324
237,madhipura,25.9167,86.7833,303.94,69,99,4.06,IN,1720543325
238,diu,20.7141,70.9822,301.62,81,100,7.63,IN,1720543326
239,nuuk,64.1835,-51.7216,280.49,81,75,1.54,GL,1720543327
240,caleta de carquin,-11.0925,-77.6267,292.74,74,48,5.63,PE,1720543328
241,namtsy,62.7161,129.6658,286.72,87,15,3.01,RU,1720543329
242,santo domingo,18.5001,-69.9886,303.11,84,32,1.34,DO,1720543290
243,nizhniy kuranakh,58.8353,125.4869,284.66,92,6,1.59,RU,1720543331
244,pasighat,28.0667,95.3333,297.49,99,100,0.96,IN,1720543333
245,trairi,-3.2778,-39.2689,302.03,63,22,6.38,BR,1720543334
246,dhuusamarreeb,5.535,46.3861,303.94,46,92,11.37,SO,1720543335
247,ingeniero guillermo n. juarez,-23.9,-61.85,287.44,42,96,2.91,AR,1720543336
248,korla,41.7597,86.1469,300.99,29,0,3.14,CN,1720543337
249,jawf al maqbabah,13.8378,45.8349,305.77,47,68,1.9,YE,1720543338
250,maxixe,-23.8597,35.3472,290.49,63,0,1.49,MZ,1720543339
251,atafu village,-8.5421,-172.5159,301.6,74,99,5.5,TK,1720543340
252,codrington,-38.2667,141.9667,279.33,93,0,2.86,AU,1720543342
253,susuman,62.7833,148.1667,280.77,71,52,1.66,RU,1720543343
254,chalus,36.655,51.4204,301.85,70,40,0.0,IR,1720543344
255,val-d'or,48.1002,-77.7828,297.2,64,75,4.12,CA,1720543346
256,yeroham,30.9872,34.9314,302.98,42,0,6.71,IL,1720543347
257,tangalle,6.024,80.7911,299.71,86,37,5.33,LK,1720543348
258,cannonvale,-20.2833,148.7,292.81,92,33,3.7,AU,1720543349
259,padang,-0.9492,100.3543,300.18,81,98,2.06,ID,1720543265
260,punta arenas,-53.15,-70.9167,278.16,81,75,8.75,CL,1720543352
261,talcahuano,-36.7167,-73.1167,280.97,66,0,1.03,CL,1720543210
262,kudahuvadhoo,2.6708,72.8944,302.22,72,53,3.35,MV,1720543354
263,menongue,-14.6585,17.691,290.93,14,0,2.44,AO,1720543355
264,jiagedaqi,50.4167,124.1167,288.03,50,23,1.08,CN,1720543356
265,santiago de cuba,20.0247,-75.8219,305.21,62,40,3.6,CU,1720543357
266,kone,-21.0595,164.8658,293.47,86,72,2.19,NC,1720543359
267,concepcion,-36.827,-73.0498,281.04,66,0,1.03,CL,1720543320
268,petropavlovsk-kamchatsky,53.0452,158.6483,283.48,100,100,1.0,RU,1720543361
269,alofi,-19.0595,-169.9187,295.09,60,40,6.69,NU,1720543362
270,remire-montjoly,4.9167,-52.2667,299.17,94,40,3.09,GF,1720543363
271,hilo,19.7297,-155.09,296.07,95,75,2.06,US,1720543291
272,gadzhiyevo,69.2551,33.3362,283.36,83,94,5.74,RU,1720543366
273,arraial do cabo,-22.9661,-42.0278,296.13,88,75,4.12,BR,1720543317
274,christchurch,-43.5333,172.6333,276.99,84,37,0.58,NZ,1720543368
275,enewetak,11.3474,162.3373,301.88,75,8,7.63,MH,1720543369
276,sabha,27.0377,14.4283,310.89,12,0,8.27,LY,1720543371
277,kailua-kona,19.6406,-155.9956,296.64,88,40,4.12,US,1720543372
278,ulladulla,-35.35,150.4667,284.03,84,85,2.4,AU,1720543374
279,tsiombe,-25.3,45.4833,292.58,84,0,2.88,MG,1720543375
280,khandud,36.9513,72.318,290.85,42,23,3.76,AF,1720543376
281,port blair,11.6667,92.75,300.91,83,81,3.12,IN,1720543377
282,lasem,-6.6922,111.4527,298.31,82,83,2.4,ID,1720543378
283,zavetnoye,47.1194,43.8903,303.44,20,0,5.51,RU,1720543379
284,yermentau,51.6214,73.1069,289.86,65,73,2.22,KZ,1720543269
285,poronaysk,49.2167,143.1167,284.08,96,100,3.43,RU,1720543381
286,pontes e lacerda,-15.2261,-59.3353,300.73,33,4,1.47,BR,1720543383
287,ancud,-41.8697,-73.8203,280.19,66,2,3.1,CL,1720543384
288,siracusa,37.0881,15.2792,305.55,70,1,4.72,IT,1720542887
289,taitung city,22.7583,121.1444,300.49,83,31,1.89,TW,1720543386
290,murzuq,25.9155,13.9184,311.12,9,6,7.92,LY,1720543387
291,nishinoomote,30.7333,131.0,301.07,84,76,7.14,JP,1720543390
292,ponta delgada,37.7333,-25.6667,296.55,94,75,7.72,PT,1720543323
293,bhimunipatnam,17.8833,83.4333,300.94,80,97,6.64,IN,1720543392
294,nandu,22.8525,110.8233,299.0,88,49,1.93,CN,1720543393
295,hengchun,22.0042,120.7439,301.93,79,27,3.57,TW,1720543394
296,kelso,46.1468,-122.9084,300.89,58,0,0.89,US,1720543395
297,chibougamau,49.9168,-74.3659,290.94,94,100,2.06,CA,1720543390
298,tura,25.5198,90.2201,297.87,96,87,3.07,IN,1720543397
299,atbasar,51.8,68.3333,290.86,70,4,3.61,KZ,1720543269
300,verkhniye achaluki,43.3469,44.6975,299.4,57,75,1.0,RU,1720543400
301,summerside,46.3959,-63.7876,300.43,88,100,5.14,CA,1720543401
302,maragogi,-9.0122,-35.2225,299.56,75,32,4.45,BR,1720543402
303,saint croix,17.7397,-64.7388,304.79,71,75,6.17,VI,1720543403
304,pergamino,-33.89,-60.5736,281.29,34,0,2.34,AR,1720543404
305,koulikoro,14.0,-7.75,306.91,40,100,1.8,ML,1720543406
306,watsa,3.0372,29.5355,292.92,93,100,1.66,CD,1720543407
307,canakkale,40.0833,26.8333,305.47,51,0,6.47,TR,1720543265
308,svobodnyy,51.4,128.1333,284.63,82,57,3.24,RU,1720543409
309,chiang kham,19.5233,100.3,297.31,91,100,1.39,TH,1720543410
310,port saint john's,-31.6229,29.5448,291.52,37,59,1.88,ZA,1720543411
311,malkera,23.7833,86.3,304.87,61,76,5.08,IN,1720543413
312,pyapon,16.2833,95.6833,299.75,91,100,2.09,MM,1720543414
313,sudbury,46.49,-80.99,298.18,62,29,2.68,CA,1720543415
314,flying fish cove,-10.4217,105.6791,298.97,78,75,5.66,CX,1720543416
315,la sarre,48.8002,-79.1996,293.18,83,94,3.53,CA,1720543417
316,salinopolis,-0.6136,-47.3561,302.76,63,17,4.7,BR,1720543383
317,acapulco de juarez,16.8634,-99.8901,303.05,70,75,2.57,MX,1720543419
318,santiago de cao,-7.9589,-79.2392,291.22,94,100,3.09,PE,1720543421
319,chegdomyn,51.1167,133.0167,284.93,86,100,1.34,RU,1720543422
320,temiskaming shores,47.4938,-79.7153,295.04,51,37,3.44,CA,1720543331
321,thompson,55.7435,-97.8558,291.24,77,100,4.12,CA,1720543331
322,prymors'k,46.7348,36.3443,304.5,37,84,9.32,UA,1720543425
323,saint-philippe,-21.3585,55.7679,291.92,74,3,3.52,RE,1720543426
324,pimpama,-27.8167,153.3,288.92,93,55,2.05,AU,1720543427
325,alo,6.5486,4.2686,298.93,83,99,4.72,NG,1720543428
326,tikhvin,59.6451,33.5294,294.38,60,91,1.46,RU,1720543430
327,frederico westphalen,-27.3592,-53.3944,280.83,88,100,2.2,BR,1720543232
328,tolanaro,-25.0319,46.9987,293.19,94,0,2.06,MG,1720543432
329,apaxtla de castrejon,18.15,-99.8667,297.95,63,85,0.61,MX,1720543433
330,changping,40.2186,116.2197,296.95,38,97,2.01,CN,1720543434
331,tazacorte,28.629,-17.9293,297.68,82,20,5.14,ES,1720543435
332,tromso,69.6496,18.957,284.16,76,75,3.6,NO,1720543436
333,saguenay,48.4168,-71.0657,295.61,86,100,2.06,CA,1720543241
334,dudinka,69.4058,86.1778,287.63,80,11,3.22,RU,1720543438
335,mount isa,-20.7333,139.5,289.02,51,12,5.66,AU,1720543440
336,kalmunai,7.4167,81.8167,301.22,81,28,2.14,LK,1720543441
337,riyadh,24.6877,46.7219,314.23,10,28,4.84,SA,1720542779
338,kelme,55.6339,22.9342,299.16,67,95,1.92,LT,1720543443
339,vila franca do campo,37.7167,-25.4333,296.38,78,27,7.23,PT,1720543444
340,san carlos,9.6612,-68.5827,300.26,88,54,1.86,VE,1720543445
341,la ronge,55.1001,-105.2842,295.29,68,0,1.54,CA,1720543447
342,chilliwack,49.1747,-121.9443,300.68,67,1,0.79,CA,1720543442
343,babayevo,59.3936,35.9371,292.27,56,72,3.23,RU,1720543449
344,delmas,18.5447,-72.3028,307.55,46,40,5.14,HT,1720543450
345,zouerate,22.7187,-12.4521,311.06,8,7,8.59,MR,1720543451
346,chonchi,-42.6128,-73.8092,279.71,68,17,1.49,CL,1720543452
347,liuhe,42.2401,125.7172,288.93,92,3,0.55,CN,1720543453
348,yanam,16.7333,82.2167,298.32,96,91,1.06,IN,1720543455
349,smithers,54.7804,-127.1743,291.33,52,75,1.03,CA,1720543456
350,sinabang,2.4803,96.3801,299.62,83,100,1.55,ID,1720543457
351,itamaraca,-7.7478,-34.8256,301.18,73,25,3.82,BR,1720543458
352,ljusdal,61.8288,16.0913,291.28,57,100,0.71,SE,1720543459
353,pisco,-13.7,-76.2167,290.18,82,100,2.06,PE,1720543460
354,aksu,41.1231,80.2644,298.41,40,80,3.14,CN,1720543461
355,uliastay,47.7417,96.8444,288.27,60,81,2.3,MN,1720543462
356,quibdo,5.6947,-76.6611,301.34,83,75,2.57,CO,1720543464
357,merizo village,13.2658,144.6691,301.0,92,90,6.6,GU,1720543465
358,weno,7.4515,151.8468,299.12,94,100,3.09,FM,1720543467
359,paracuru,-3.41,-39.0306,300.99,62,15,7.02,BR,1720543468
360,redencao,-4.2258,-38.7306,303.6,51,64,3.43,BR,1720543204
361,borovskoy,53.8,64.15,292.11,75,86,3.17,KZ,1720543470
362,nikfer,37.4054,29.1373,301.77,32,29,2.64,TR,1720543472
363,feijo,-8.1642,-70.3536,305.67,47,24,1.37,BR,1720543473
364,horta,38.5333,-28.6333,297.05,93,75,8.75,PT,1720543474
365,lamu,-2.2717,40.902,298.62,85,100,6.59,KE,1720543475
366,funafuti,-8.5243,179.1942,301.15,83,75,0.0,TV,1720543476
367,rakops,-21.0167,24.3333,286.8,10,0,1.11,BW,1720543477
368,zalingei,12.9096,23.4741,298.97,56,90,3.84,SD,1720543478
369,bandarbeyla,9.4942,50.8122,298.68,84,44,14.38,SO,1720543479
370,pandan,14.0453,124.1694,300.15,86,100,3.08,PH,1720543481
371,yuanping,38.7153,112.7575,292.68,88,62,1.06,CN,1720543482
372,zhezqazghan,47.7833,67.7667,298.16,34,40,3.87,KZ,1720543269
373,chernyshevskiy,63.0128,112.4714,289.53,87,100,1.6,RU,1720543484
374,ennis,52.8436,-8.9864,290.11,72,75,6.17,IE,1720543485
375,eyl,7.9803,49.8164,299.37,81,66,13.32,SO,1720543486
376,sakon nakhon,17.3333,103.8333,298.66,88,85,1.32,TH,1720543488
377,chontalpa,17.7,-93.5167,300.55,81,93,1.98,MX,1720543489
378,at taraf,25.3628,49.725,314.45,20,5,4.1,SA,1720543490
379,inirida,3.8653,-67.9239,296.93,94,100,0.3,CO,1720543491
380,palmer,42.1584,-72.3287,305.05,70,100,2.06,US,1720543356
381,st. thomas,42.7736,-81.1804,300.64,67,100,3.18,CA,1720543332
382,kokopo,-4.352,152.2633,298.51,87,99,4.59,PG,1720543494
383,kaiapoi,-43.3783,172.6401,277.08,93,20,1.54,NZ,1720543495
384,farasan,16.7022,42.1183,305.21,70,61,5.33,SA,1720543497
385,kiunga,-6.1219,141.2906,295.46,99,93,1.43,PG,1720543498
386,copala,16.65,-98.9833,299.27,78,100,0.47,MX,1720543499
387,recreo,-29.2818,-65.061,285.03,40,1,6.72,AR,1720543500
388,zunheboto,25.9667,94.5167,291.77,100,100,1.18,IN,1720543501
389,peterhead,57.5058,-1.7981,288.4,87,100,5.65,GB,1720543502
390,paraty,-23.2178,-44.7131,293.5,93,100,1.21,BR,1720543503
391,mil'kovo,55.6078,37.7956,300.88,41,66,5.29,RU,1720543505
392,kushk,33.2957,61.9522,303.51,18,0,15.62,AF,1720543506
393,borogontsy,62.6683,131.1683,287.24,91,100,3.66,RU,1720543507
394,kapa'a,22.0752,-159.319,298.33,90,100,4.63,US,1720543397
395,zhangzhou,24.5133,117.6556,302.11,95,40,0.16,CN,1720543362
396,noosa heads,-26.3833,153.15,289.45,88,34,2.24,AU,1720543262
397,mirnyy,62.5353,113.9611,293.19,59,99,3.43,RU,1720543513
398,pasni,25.2631,63.471,302.36,85,42,4.31,PK,1720543514
399,cole harbour,44.6724,-63.4751,299.81,84,75,3.09,CA,1720543516
400,espinosa,-14.9261,-42.8192,304.48,21,2,3.24,BR,1720543517
401,palangkaraya,-2.2,113.8333,295.7,98,97,0.86,ID,1720543519
402,uvalde,29.3669,-99.767,308.93,31,2,2.01,US,1720543520
403,lobito,-12.3481,13.5456,293.98,83,10,2.78,AO,1720543521
404,usinsk,65.9939,57.5281,296.62,52,1,3.31,RU,1720543522
405,franceville,-1.6333,13.5836,303.67,41,73,0.42,GA,1720543524
406,angaur state,6.906,134.13,301.11,78,100,3.88,PW,1720543525
407,broome,42.2506,-75.833,305.18,61,70,1.79,US,1720543526
408,attapeu,14.8,106.8333,297.28,99,100,0.25,LA,1720543528
409,kocaali,41.0534,30.8528,298.87,77,2,2.33,TR,1720543529
410,pangai,-19.8,-174.35,296.08,68,100,11.9,TO,1720543530
411,la villa del rosario,10.3258,-72.3134,307.56,45,16,2.55,VE,1720543532
412,gustavsberg,59.3268,18.3898,295.09,64,28,4.48,SE,1720543533
413,lundazi,-12.2929,33.1782,291.2,35,61,3.6,ZM,1720543534
414,heroica guaymas,27.9333,-110.9,304.8,66,20,4.12,MX,1720543535
415,verkhnevilyuysk,63.4453,120.3167,289.81,65,90,1.75,RU,1720543536
416,la foa,-21.7108,165.8276,292.86,85,24,1.63,NC,1720543537
417,el burgo de osma,41.5862,-3.0652,301.42,24,69,6.77,ES,1720543538
418,cuenca,-2.8833,-78.9833,292.22,45,75,5.14,EC,1720542926
419,tsagan aman,47.5639,46.7218,300.83,24,0,4.09,RU,1720543541
420,naze,28.3667,129.4833,300.66,85,32,4.31,JP,1720543542
421,portales,34.1862,-103.3344,300.09,42,0,4.28,US,1720543543
422,potiskum,11.7091,11.0694,308.41,32,88,2.0,NG,1720543544
423,sechura,-5.5569,-80.8222,297.09,59,12,4.13,PE,1720543545
424,timimoun,29.2639,0.231,321.36,3,0,8.23,DZ,1720543546
425,ulanhot,46.0833,122.0833,294.85,58,64,1.84,CN,1720543547
426,vila do maio,15.1333,-23.2167,302.59,86,27,8.33,CV,1720543549
427,glendive,47.1053,-104.7125,301.94,36,0,1.54,US,1720543550
428,taishan,22.2514,112.7799,299.97,87,1,2.02,CN,1720543551
429,san antonio de pale,-1.4014,5.6325,296.04,78,99,4.17,GQ,1720543552
430,bonito,-21.1211,-56.4819,283.43,96,100,2.31,BR,1720543553
431,novodvinsk,64.4165,40.8122,295.01,73,100,0.69,RU,1720543554
432,tual,-5.6667,132.75,298.9,82,85,10.83,ID,1720543555
433,revda,56.801,59.9303,290.51,83,5,2.12,RU,1720543557
434,pariaman,-0.619,100.12,300.18,81,100,1.98,ID,1720543558
435,sandnessjoen,66.0217,12.6316,288.44,88,75,5.66,NO,1720543559
436,kendallville,41.4414,-85.265,297.86,100,100,2.57,US,1720543324
437,ratnagiri,16.9833,73.3,299.1,85,100,2.52,IN,1720543561
438,taraz,42.9,71.3667,297.38,60,40,2.0,KZ,1720543269
439,akureyri,65.6835,-18.0878,293.11,37,20,2.57,IS,1720543567
440,banikoara,11.2985,2.4386,306.9,39,61,1.79,BJ,1720543569
441,tbilisskaya,45.3633,40.19,308.25,20,93,4.93,RU,1720543323
442,chokwe,-24.5333,32.9833,289.9,13,0,2.09,MZ,1720543571
443,palpa,-14.5336,-75.1856,296.04,42,0,2.06,PE,1720543573
444,jayapura,-2.5333,140.7,298.81,89,81,1.86,ID,1720543574
445,salekhard,66.53,66.6019,293.68,59,12,2.73,RU,1720543575
446,tazovsky,67.4667,78.7,285.5,64,3,6.05,RU,1720543576
447,hami,42.8,93.45,305.16,20,62,4.9,CN,1720543577
448,mahajanga,-15.7167,46.3167,296.16,83,0,2.06,MG,1720543578
449,adh dhibiyah,24.5014,45.9686,310.92,10,81,3.18,SA,1720543579
450,mildura,-34.2,142.15,279.86,88,1,2.25,AU,1720543581
451,mariehamn,60.0973,19.9348,290.07,72,0,3.6,AX,1720543582
452,khunti,23.0833,85.2833,301.14,69,100,3.17,IN,1720543583
453,mogadishu,2.0371,45.3438,298.65,87,95,6.7,SO,1720543584
454,novofedorivka,46.1713,32.3178,301.54,50,81,4.42,UA,1720543585
455,balaklava,44.5,33.6,299.09,65,100,4.95,UA,1720543586
456,mitu,1.1983,-70.1733,302.97,63,83,0.2,CO,1720543380
457,beni saf,35.301,-1.3823,301.31,69,1,3.33,DZ,1720543589
458,abu zabad,12.35,29.25,306.27,34,92,1.92,SD,1720543590
459,zaozersk,69.4005,32.4476,283.3,78,97,5.85,RU,1720543591
460,al fulah,11.7329,28.3579,305.56,37,82,2.83,SD,1720543592
461,kemijarvi,66.7131,27.4306,287.8,86,100,2.93,FI,1720543593
462,bosobolo,4.1833,19.9,295.54,93,96,1.24,CD,1720543594
463,hulan ergi,47.2042,123.6333,294.26,62,42,1.9,CN,1720543595
464,bhawana,31.5692,72.649,311.71,32,6,3.15,PK,1720543597
465,port lincoln,-34.7333,135.8667,284.64,82,22,4.48,AU,1720543598
466,anton lizardo,19.05,-95.9833,300.49,80,100,1.87,MX,1720543599
467,kaitong,44.8135,123.15,294.37,53,5,3.85,CN,1720543600
468,ebon,4.582,168.6964,301.59,78,39,5.4,MH,1720543601
469,puerto baquerizo moreno,-0.9,-89.6,295.7,88,75,4.63,EC,1720543602
470,kyela,-9.5833,33.85,292.69,71,81,0.4,TZ,1720543603
471,klyuchi,52.2667,79.1667,292.22,62,53,3.66,RU,1720543605
472,persembe,41.0656,37.7714,298.83,84,5,1.42,TR,1720543606
473,kerikeri,-35.2268,173.9474,283.66,93,85,2.61,NZ,1720543607
474,ghormach,35.7306,63.7826,303.23,19,0,2.51,AF,1720543608
475,linfen,36.0889,111.5189,299.03,70,1,2.78,CN,1720543609
476,murun-kuren,49.6342,100.1625,290.77,63,48,1.81,MN,1720543610
477,turpan,42.9333,89.1667,308.68,24,34,1.73,CN,1720543611
478,machico,32.7,-16.7667,299.89,86,2,2.56,PT,1720543330
479,maych'ew,12.7875,39.5422,291.32,68,75,1.43,ET,1720543614
480,loen,7.7601,168.2307,301.6,78,41,6.28,MH,1720543615
481,prince rupert,54.3161,-130.3201,285.2,92,100,2.57,CA,1720543616
482,yemetsk,63.4721,41.7941,291.37,74,97,0.72,RU,1720543618
483,kill devil hills,36.0307,-75.676,304.16,69,0,5.14,US,1720543619
484,san andres,12.5847,-81.7006,301.16,83,40,6.69,CO,1720543621
485,zayed city,24.3768,54.589,310.37,59,0,3.09,AE,1720543622
486,acarau,-2.8856,-40.12,302.81,60,31,8.39,BR,1720543623
487,portland,45.5234,-122.6762,303.6,47,0,0.89,US,1720543151
488,sola,-13.8833,167.55,299.11,81,84,11.83,VU,1720543625
489,port augusta,-32.5,137.7667,282.77,78,10,1.95,AU,1720543626
490,melfort,52.8667,-104.6177,294.22,73,0,3.09,CA,1720543627
491,pochaiv,50.0051,25.5118,297.91,81,19,2.54,UA,1720543330
492,scarborough,54.2797,-0.4044,290.89,93,100,1.34,GB,1720543334
493,aral,40.5156,81.2636,302.77,24,34,5.18,CN,1720543631
494,belmonte,-15.8631,-38.8828,299.92,64,19,3.38,BR,1720543632
495,bayanhongor,46.7167,100.1167,285.5,71,79,2.18,MN,1720543497
496,taltal,-25.4,-70.4833,289.9,62,0,3.49,CL,1720543634
497,linxia chengguanzhen,35.6003,103.2064,290.11,55,62,2.17,CN,1720543635
498,yuzhno-kurilsk,44.0306,145.8556,287.47,99,99,1.34,RU,1720543636
499,cova figueira,14.8905,-24.2934,292.77,86,32,5.49,CV,1720543637
500,salalah,17.0151,54.0924,300.2,100,100,3.09,OM,1720543639
501,diapaga,12.0708,1.7889,307.53,36,80,1.64,BF,1720543640
502,fort st. john,56.2499,-120.8529,297.09,41,20,4.63,CA,1720543539
503,ust'-barguzin,53.45,108.9833,287.71,90,99,1.35,RU,1720543642
504,plattsburgh,44.6995,-73.4529,303.3,69,100,3.72,US,1720543586
505,awjilah,29.1081,21.2869,310.2,21,0,9.84,LY,1720543644
506,rezh,57.37,61.4043,292.35,76,14,2.24,RU,1720543645
507,greymouth,-42.4667,171.2,279.88,86,98,2.21,NZ,1720543647
508,aydincik,36.1437,33.3202,303.39,63,38,0.94,TR,1720543648
509,puerto aysen,-45.4,-72.7,276.87,88,51,0.49,CL,1720543488
510,qamdo,31.1667,97.2333,282.7,86,100,2.38,CN,1720543650
511,jitra,6.2681,100.4217,296.7,96,99,2.89,MY,1720543651
512,nanaimo,49.1663,-123.936,298.73,50,0,1.54,CA,1720543652
513,praia da vitoria,38.7333,-27.0667,302.29,61,40,7.97,PT,1720543653
514,son la,21.3167,103.9,295.01,94,100,1.02,VN,1720543655
515,rouissat,31.9243,5.3502,321.19,6,0,1.54,DZ,1720543656
516,cuiaba,-15.5961,-56.0967,292.11,59,20,4.12,BR,1720543406
517,bom jardim,-7.7958,-35.5872,299.8,64,73,4.81,BR,1720543658
518,pointe-du-lac,46.2869,-72.6845,296.21,88,20,5.14,CA,1720543659
519,itororo,-15.1169,-40.0703,302.0,39,19,3.1,BR,1720543626
520,laurel,39.0993,-76.8483,309.38,58,0,2.57,US,1720543661
521,keflavik,64.0049,-22.5624,285.1,87,75,6.69,IS,1720543662
522,dryden,49.7833,-92.7503,298.31,47,0,3.09,CA,1720543664
523,polyarnyy,69.1989,33.4478,283.25,84,93,5.79,RU,1720543665
524,aripuana,-9.1667,-60.6333,308.87,28,0,0.96,BR,1720543666
525,nova vicosa,-17.8919,-39.3719,300.7,60,9,5.85,BR,1720543667
526,forster,-32.1667,152.5167,282.75,100,20,2.52,AU,1720543668
527,gunjur,13.2019,-16.7339,304.19,62,75,4.12,GM,1720543669
528,dolores,-36.3132,-57.6792,280.64,34,15,2.25,AR,1720543592
529,ceres,37.5949,-120.9577,297.12,50,0,6.17,US,1720543672
530,lodja,-3.4833,23.4333,300.14,35,53,1.4,CD,1720543673
531,arkalyk,50.2486,66.9114,294.31,55,7,7.16,KZ,1720543674
532,selkirk,50.1436,-96.8845,299.36,55,15,1.34,CA,1720543675
533,angra do heroismo,38.65,-27.2167,302.49,93,40,3.58,PT,1720543677
534,san fernando,15.0286,120.6898,299.0,89,100,1.67,PH,1720543679
535,shache,38.4167,77.2406,301.53,25,23,1.68,CN,1720543680
536,villamontes,-21.25,-63.5,287.84,38,100,2.06,BO,1720543681
537,alindao,5.0267,21.2088,297.85,79,80,2.28,CF,1720543682
538,kavaratti,10.5669,72.642,300.71,84,100,6.79,IN,1720543683
539,al bawiti,28.3492,28.8659,308.41,23,0,4.5,EG,1720543684
540,jingling,30.65,113.1,297.47,98,100,0.99,CN,1720543685
541,qarqaraly,49.4058,75.4742,290.15,58,100,1.9,KZ,1720543687
542,bama,11.5221,13.6856,309.49,31,90,3.85,NG,1720543688
543,luena,-11.7833,19.9167,290.39,17,6,1.81,AO,1720543689
544,montepuez,-13.1256,38.9997,294.14,25,49,0.88,MZ,1720543690
545,nandgaon,20.3167,74.65,298.68,82,97,9.44,IN,1720543691
546,sisimiut,66.9395,-53.6735,278.13,81,74,2.31,GL,1720543692
547,fuding,27.3273,120.214,297.61,98,99,0.87,CN,1720543693
548,rioja,-29.4111,-66.8507,283.56,39,0,2.51,AR,1720543694
549,midvagur,62.0511,-7.1939,286.61,76,20,3.09,FO,1720543696
550,baise city,23.8997,106.6133,298.86,93,79,1.34,CN,1720543697
551,kharabali,47.4196,47.2568,300.94,28,0,4.44,RU,1720543698
552,westport,41.1415,-73.3579,305.99,75,0,3.09,US,1720543463
553,beyneu,45.3167,55.2,308.77,20,41,4.1,KZ,1720543700
554,chulakkurgan,43.765,69.1814,301.13,30,32,4.25,KZ,1720543701
555,phan thiet,10.9333,108.1,298.75,90,100,1.67,VN,1720543702
556,sheridan,44.8333,-106.9173,303.88,26,0,1.54,US,1720543703
557,targu secuiesc,46.0,26.1333,301.1,43,2,2.93,RO,1720543704
558,beira,-19.8436,34.8389,294.2,60,0,2.24,MZ,1720543706
559,susanville,40.4163,-120.653,304.16,22,0,0.45,US,1720543604
560,port macquarie,-31.4333,152.9167,285.97,99,7,0.89,AU,1720543630
561,buka,40.8108,69.1986,299.41,34,52,2.0,UZ,1720543709
562,swift current,50.2834,-107.8014,299.6,47,0,1.54,CA,1720543710
563,sur,22.5667,59.5289,302.02,71,100,5.56,OM,1720543711
564,paimio,60.4567,22.6869,293.34,61,0,1.79,FI,1720543712
565,jiuquan,39.7432,98.5174,300.36,25,69,2.03,CN,1720543713
566,krusevo,41.3689,21.2489,295.73,37,44,2.75,MK,1720543715
567,beaufort west,-32.3567,22.583,285.19,51,89,14.17,ZA,1720543716
